Suite/Test/Step Name,Browser,Description,Tag,Start time,End time,Duration,Status
100_tc,,,,24-09-2025 07:43:48,24-09-2025 07:47:10,3m - 21.673s,PASSED
,,,,,,,
Start listener action : sampleBeforeTestSuite,,,,24-09-2025 07:43:48,24-09-2025 07:43:48,0.094s,PASSED
,,,,,,,
Test Cases/2000_tresult/Return Passed,,,,24-09-2025 07:43:49,24-09-2025 07:43:51,2.112s,PASSED
"markPassed(""Passed"")",,,,24-09-2025 07:43:49,24-09-2025 07:43:49,0.008s,PASSED
Video,,,,24-09-2025 07:43:51,24-09-2025 07:43:51,0.001s,PASSED
,,,,,,,
Test Cases/2000_tresult/Return Passed,,,,24-09-2025 07:43:51,24-09-2025 07:43:53,2.025s,PASSED
"markPassed(""Passed"")",,,,24-09-2025 07:43:51,24-09-2025 07:43:51,0.002s,PASSED
Video,,,,24-09-2025 07:43:53,24-09-2025 07:43:53,0.001s,PASSED
,,,,,,,
Test Cases/2000_tresult/Return Passed,,,,24-09-2025 07:43:53,24-09-2025 07:43:55,2.019s,PASSED
"markPassed(""Passed"")",,,,24-09-2025 07:43:53,24-09-2025 07:43:53,0.001s,PASSED
Video,,,,24-09-2025 07:43:55,24-09-2025 07:43:55,0.001s,PASSED
,,,,,,,
Test Cases/2000_tresult/Return Passed,,,,24-09-2025 07:43:55,24-09-2025 07:43:57,2.019s,PASSED
"markPassed(""Passed"")",,,,24-09-2025 07:43:55,24-09-2025 07:43:55,0.001s,PASSED
Video,,,,24-09-2025 07:43:57,24-09-2025 07:43:57,0.001s,PASSED
,,,,,,,
Test Cases/2000_tresult/Return Passed,,,,24-09-2025 07:43:57,24-09-2025 07:43:59,2.012s,PASSED
"markPassed(""Passed"")",,,,24-09-2025 07:43:57,24-09-2025 07:43:57,0.001s,PASSED
Video,,,,24-09-2025 07:43:59,24-09-2025 07:43:59,0.001s,PASSED
,,,,,,,
Test Cases/2000_tresult/Return Passed,,,,24-09-2025 07:43:59,24-09-2025 07:44:01,2.014s,PASSED
"markPassed(""Passed"")",,,,24-09-2025 07:43:59,24-09-2025 07:43:59,0.000s,PASSED
Video,,,,24-09-2025 07:44:01,24-09-2025 07:44:01,0.001s,PASSED
,,,,,,,
Test Cases/2000_tresult/Return Passed,,,,24-09-2025 07:44:01,24-09-2025 07:44:03,2.012s,PASSED
"markPassed(""Passed"")",,,,24-09-2025 07:44:01,24-09-2025 07:44:01,0.001s,PASSED
Video,,,,24-09-2025 07:44:03,24-09-2025 07:44:03,0.001s,PASSED
,,,,,,,
Test Cases/2000_tresult/Return Passed,,,,24-09-2025 07:44:03,24-09-2025 07:44:05,2.010s,PASSED
"markPassed(""Passed"")",,,,24-09-2025 07:44:03,24-09-2025 07:44:03,0.001s,PASSED
Video,,,,24-09-2025 07:44:05,24-09-2025 07:44:05,0.000s,PASSED
,,,,,,,
Test Cases/2000_tresult/Return Passed,,,,24-09-2025 07:44:05,24-09-2025 07:44:07,2.011s,PASSED
"markPassed(""Passed"")",,,,24-09-2025 07:44:05,24-09-2025 07:44:05,0.001s,PASSED
Video,,,,24-09-2025 07:44:07,24-09-2025 07:44:07,0.000s,PASSED
,,,,,,,
Test Cases/2000_tresult/Return Passed,,,,24-09-2025 07:44:07,24-09-2025 07:44:09,2.012s,PASSED
"markPassed(""Passed"")",,,,24-09-2025 07:44:07,24-09-2025 07:44:07,0.001s,PASSED
Video,,,,24-09-2025 07:44:09,24-09-2025 07:44:09,0.001s,PASSED
,,,,,,,
Test Cases/2000_tresult/Return Passed,,,,24-09-2025 07:44:09,24-09-2025 07:44:11,2.012s,PASSED
"markPassed(""Passed"")",,,,24-09-2025 07:44:09,24-09-2025 07:44:09,0.001s,PASSED
Video,,,,24-09-2025 07:44:11,24-09-2025 07:44:11,0.001s,PASSED
,,,,,,,
Test Cases/2000_tresult/Return Passed,,,,24-09-2025 07:44:11,24-09-2025 07:44:13,2.011s,PASSED
"markPassed(""Passed"")",,,,24-09-2025 07:44:11,24-09-2025 07:44:11,0.001s,PASSED
Video,,,,24-09-2025 07:44:13,24-09-2025 07:44:13,0.001s,PASSED
,,,,,,,
Test Cases/2000_tresult/Return Passed,,,,24-09-2025 07:44:13,24-09-2025 07:44:15,2.011s,PASSED
"markPassed(""Passed"")",,,,24-09-2025 07:44:13,24-09-2025 07:44:13,0.001s,PASSED
Video,,,,24-09-2025 07:44:15,24-09-2025 07:44:15,0.000s,PASSED
,,,,,,,
Test Cases/2000_tresult/Return Passed,,,,24-09-2025 07:44:15,24-09-2025 07:44:17,2.011s,PASSED
"markPassed(""Passed"")",,,,24-09-2025 07:44:15,24-09-2025 07:44:15,0.001s,PASSED
Video,,,,24-09-2025 07:44:17,24-09-2025 07:44:17,0.001s,PASSED
,,,,,,,
Test Cases/2000_tresult/Return Passed,,,,24-09-2025 07:44:17,24-09-2025 07:44:19,2.011s,PASSED
"markPassed(""Passed"")",,,,24-09-2025 07:44:17,24-09-2025 07:44:17,0.001s,PASSED
Video,,,,24-09-2025 07:44:19,24-09-2025 07:44:19,0.001s,PASSED
,,,,,,,
Test Cases/2000_tresult/Return Passed,,,,24-09-2025 07:44:19,24-09-2025 07:44:21,2.013s,PASSED
"markPassed(""Passed"")",,,,24-09-2025 07:44:19,24-09-2025 07:44:19,0.001s,PASSED
Video,,,,24-09-2025 07:44:21,24-09-2025 07:44:21,0.001s,PASSED
,,,,,,,
Test Cases/2000_tresult/Return Passed,,,,24-09-2025 07:44:21,24-09-2025 07:44:23,2.010s,PASSED
"markPassed(""Passed"")",,,,24-09-2025 07:44:21,24-09-2025 07:44:21,0.001s,PASSED
Video,,,,24-09-2025 07:44:23,24-09-2025 07:44:23,0.001s,PASSED
,,,,,,,
Test Cases/2000_tresult/Return Passed,,,,24-09-2025 07:44:23,24-09-2025 07:44:25,2.009s,PASSED
"markPassed(""Passed"")",,,,24-09-2025 07:44:23,24-09-2025 07:44:23,0.000s,PASSED
Video,,,,24-09-2025 07:44:25,24-09-2025 07:44:25,0.001s,PASSED
,,,,,,,
Test Cases/2000_tresult/Return Passed,,,,24-09-2025 07:44:25,24-09-2025 07:44:27,2.009s,PASSED
"markPassed(""Passed"")",,,,24-09-2025 07:44:25,24-09-2025 07:44:25,0.000s,PASSED
Video,,,,24-09-2025 07:44:27,24-09-2025 07:44:27,0.001s,PASSED
,,,,,,,
Test Cases/2000_tresult/Return Passed,,,,24-09-2025 07:44:27,24-09-2025 07:44:29,2.013s,PASSED
"markPassed(""Passed"")",,,,24-09-2025 07:44:27,24-09-2025 07:44:27,0.001s,PASSED
Video,,,,24-09-2025 07:44:29,24-09-2025 07:44:29,0.001s,PASSED
,,,,,,,
Test Cases/2000_tresult/Return Passed,,,,24-09-2025 07:44:29,24-09-2025 07:44:31,2.010s,PASSED
"markPassed(""Passed"")",,,,24-09-2025 07:44:29,24-09-2025 07:44:29,0.000s,PASSED
Video,,,,24-09-2025 07:44:31,24-09-2025 07:44:31,0.001s,PASSED
,,,,,,,
Test Cases/2000_tresult/Return Passed,,,,24-09-2025 07:44:31,24-09-2025 07:44:33,2.010s,PASSED
"markPassed(""Passed"")",,,,24-09-2025 07:44:31,24-09-2025 07:44:31,0.001s,PASSED
Video,,,,24-09-2025 07:44:33,24-09-2025 07:44:33,0.001s,PASSED
,,,,,,,
Test Cases/2000_tresult/Return Passed,,,,24-09-2025 07:44:33,24-09-2025 07:44:35,2.011s,PASSED
"markPassed(""Passed"")",,,,24-09-2025 07:44:33,24-09-2025 07:44:33,0.001s,PASSED
Video,,,,24-09-2025 07:44:35,24-09-2025 07:44:35,0.000s,PASSED
,,,,,,,
Test Cases/2000_tresult/Return Passed,,,,24-09-2025 07:44:35,24-09-2025 07:44:37,2.010s,PASSED
"markPassed(""Passed"")",,,,24-09-2025 07:44:35,24-09-2025 07:44:35,0.001s,PASSED
Video,,,,24-09-2025 07:44:37,24-09-2025 07:44:37,0.000s,PASSED
,,,,,,,
Test Cases/2000_tresult/Return Passed,,,,24-09-2025 07:44:37,24-09-2025 07:44:39,2.009s,PASSED
"markPassed(""Passed"")",,,,24-09-2025 07:44:37,24-09-2025 07:44:37,0.001s,PASSED
Video,,,,24-09-2025 07:44:39,24-09-2025 07:44:39,0.000s,PASSED
,,,,,,,
Test Cases/2000_tresult/Return Passed,,,,24-09-2025 07:44:39,24-09-2025 07:44:41,2.009s,PASSED
"markPassed(""Passed"")",,,,24-09-2025 07:44:39,24-09-2025 07:44:39,0.001s,PASSED
Video,,,,24-09-2025 07:44:41,24-09-2025 07:44:41,0.001s,PASSED
,,,,,,,
Test Cases/2000_tresult/Return Passed,,,,24-09-2025 07:44:41,24-09-2025 07:44:43,2.009s,PASSED
"markPassed(""Passed"")",,,,24-09-2025 07:44:41,24-09-2025 07:44:41,0.000s,PASSED
Video,,,,24-09-2025 07:44:43,24-09-2025 07:44:43,0.001s,PASSED
,,,,,,,
Test Cases/2000_tresult/Return Passed,,,,24-09-2025 07:44:43,24-09-2025 07:44:45,2.017s,PASSED
"markPassed(""Passed"")",,,,24-09-2025 07:44:43,24-09-2025 07:44:43,0.001s,PASSED
Video,,,,24-09-2025 07:44:45,24-09-2025 07:44:45,0.001s,PASSED
,,,,,,,
Test Cases/2000_tresult/Return Passed,,,,24-09-2025 07:44:45,24-09-2025 07:44:47,2.009s,PASSED
"markPassed(""Passed"")",,,,24-09-2025 07:44:45,24-09-2025 07:44:45,0.001s,PASSED
Video,,,,24-09-2025 07:44:47,24-09-2025 07:44:47,0.001s,PASSED
,,,,,,,
Test Cases/2000_tresult/Return Passed,,,,24-09-2025 07:44:47,24-09-2025 07:44:49,2.009s,PASSED
"markPassed(""Passed"")",,,,24-09-2025 07:44:47,24-09-2025 07:44:47,0.000s,PASSED
Video,,,,24-09-2025 07:44:49,24-09-2025 07:44:49,0.001s,PASSED
,,,,,,,
Test Cases/2000_tresult/Return Passed,,,,24-09-2025 07:44:49,24-09-2025 07:44:51,2.011s,PASSED
"markPassed(""Passed"")",,,,24-09-2025 07:44:49,24-09-2025 07:44:49,0.001s,PASSED
Video,,,,24-09-2025 07:44:51,24-09-2025 07:44:51,0.001s,PASSED
,,,,,,,
Test Cases/2000_tresult/Return Passed,,,,24-09-2025 07:44:51,24-09-2025 07:44:53,2.009s,PASSED
"markPassed(""Passed"")",,,,24-09-2025 07:44:51,24-09-2025 07:44:51,0.001s,PASSED
Video,,,,24-09-2025 07:44:53,24-09-2025 07:44:53,0.001s,PASSED
,,,,,,,
Test Cases/2000_tresult/Return Passed,,,,24-09-2025 07:44:53,24-09-2025 07:44:55,2.010s,PASSED
"markPassed(""Passed"")",,,,24-09-2025 07:44:53,24-09-2025 07:44:53,0.001s,PASSED
Video,,,,24-09-2025 07:44:55,24-09-2025 07:44:55,0.000s,PASSED
,,,,,,,
Test Cases/2000_tresult/Return Passed,,,,24-09-2025 07:44:55,24-09-2025 07:44:57,2.009s,PASSED
"markPassed(""Passed"")",,,,24-09-2025 07:44:55,24-09-2025 07:44:55,0.001s,PASSED
Video,,,,24-09-2025 07:44:57,24-09-2025 07:44:57,0.000s,PASSED
,,,,,,,
Test Cases/2000_tresult/Return Passed,,,,24-09-2025 07:44:57,24-09-2025 07:44:59,2.009s,PASSED
"markPassed(""Passed"")",,,,24-09-2025 07:44:57,24-09-2025 07:44:57,0.000s,PASSED
Video,,,,24-09-2025 07:44:59,24-09-2025 07:44:59,0.001s,PASSED
,,,,,,,
Test Cases/2000_tresult/Return Passed,,,,24-09-2025 07:44:59,24-09-2025 07:45:01,2.009s,PASSED
"markPassed(""Passed"")",,,,24-09-2025 07:44:59,24-09-2025 07:44:59,0.001s,PASSED
Video,,,,24-09-2025 07:45:01,24-09-2025 07:45:01,0.001s,PASSED
,,,,,,,
Test Cases/2000_tresult/Return Passed,,,,24-09-2025 07:45:01,24-09-2025 07:45:03,2.009s,PASSED
"markPassed(""Passed"")",,,,24-09-2025 07:45:01,24-09-2025 07:45:01,0.000s,PASSED
Video,,,,24-09-2025 07:45:03,24-09-2025 07:45:03,0.001s,PASSED
,,,,,,,
Test Cases/2000_tresult/Return Passed,,,,24-09-2025 07:45:03,24-09-2025 07:45:05,2.009s,PASSED
"markPassed(""Passed"")",,,,24-09-2025 07:45:03,24-09-2025 07:45:03,0.000s,PASSED
Video,,,,24-09-2025 07:45:05,24-09-2025 07:45:05,0.001s,PASSED
,,,,,,,
Test Cases/2000_tresult/Return Passed,,,,24-09-2025 07:45:05,24-09-2025 07:45:07,2.009s,PASSED
"markPassed(""Passed"")",,,,24-09-2025 07:45:05,24-09-2025 07:45:05,0.001s,PASSED
Video,,,,24-09-2025 07:45:07,24-09-2025 07:45:07,0.001s,PASSED
,,,,,,,
Test Cases/2000_tresult/Return Passed,,,,24-09-2025 07:45:07,24-09-2025 07:45:09,2.009s,PASSED
"markPassed(""Passed"")",,,,24-09-2025 07:45:07,24-09-2025 07:45:07,0.000s,PASSED
Video,,,,24-09-2025 07:45:09,24-09-2025 07:45:09,0.000s,PASSED
,,,,,,,
Test Cases/2000_tresult/Return Passed,,,,24-09-2025 07:45:09,24-09-2025 07:45:11,2.010s,PASSED
"markPassed(""Passed"")",,,,24-09-2025 07:45:09,24-09-2025 07:45:09,0.001s,PASSED
Video,,,,24-09-2025 07:45:11,24-09-2025 07:45:11,0.000s,PASSED
,,,,,,,
Test Cases/2000_tresult/Return Passed,,,,24-09-2025 07:45:11,24-09-2025 07:45:13,2.009s,PASSED
"markPassed(""Passed"")",,,,24-09-2025 07:45:11,24-09-2025 07:45:11,0.000s,PASSED
Video,,,,24-09-2025 07:45:13,24-09-2025 07:45:13,0.001s,PASSED
,,,,,,,
Test Cases/2000_tresult/Return Passed,,,,24-09-2025 07:45:13,24-09-2025 07:45:15,2.009s,PASSED
"markPassed(""Passed"")",,,,24-09-2025 07:45:13,24-09-2025 07:45:13,0.000s,PASSED
Video,,,,24-09-2025 07:45:15,24-09-2025 07:45:15,0.000s,PASSED
,,,,,,,
Test Cases/2000_tresult/Return Passed,,,,24-09-2025 07:45:15,24-09-2025 07:45:17,2.009s,PASSED
"markPassed(""Passed"")",,,,24-09-2025 07:45:15,24-09-2025 07:45:15,0.000s,PASSED
Video,,,,24-09-2025 07:45:17,24-09-2025 07:45:17,0.001s,PASSED
,,,,,,,
Test Cases/2000_tresult/Return Passed,,,,24-09-2025 07:45:17,24-09-2025 07:45:19,2.009s,PASSED
"markPassed(""Passed"")",,,,24-09-2025 07:45:17,24-09-2025 07:45:17,0.000s,PASSED
Video,,,,24-09-2025 07:45:19,24-09-2025 07:45:19,0.001s,PASSED
,,,,,,,
Test Cases/2000_tresult/Return Passed,,,,24-09-2025 07:45:19,24-09-2025 07:45:21,2.009s,PASSED
"markPassed(""Passed"")",,,,24-09-2025 07:45:19,24-09-2025 07:45:19,0.000s,PASSED
Video,,,,24-09-2025 07:45:21,24-09-2025 07:45:21,0.000s,PASSED
,,,,,,,
Test Cases/2000_tresult/Return Passed,,,,24-09-2025 07:45:21,24-09-2025 07:45:23,2.011s,PASSED
"markPassed(""Passed"")",,,,24-09-2025 07:45:21,24-09-2025 07:45:21,0.001s,PASSED
Video,,,,24-09-2025 07:45:23,24-09-2025 07:45:23,0.000s,PASSED
,,,,,,,
Test Cases/2000_tresult/Return Passed,,,,24-09-2025 07:45:23,24-09-2025 07:45:25,2.009s,PASSED
"markPassed(""Passed"")",,,,24-09-2025 07:45:23,24-09-2025 07:45:23,0.000s,PASSED
Video,,,,24-09-2025 07:45:25,24-09-2025 07:45:25,0.000s,PASSED
,,,,,,,
Test Cases/2000_tresult/Return Passed,,,,24-09-2025 07:45:25,24-09-2025 07:45:27,2.009s,PASSED
"markPassed(""Passed"")",,,,24-09-2025 07:45:25,24-09-2025 07:45:25,0.000s,PASSED
Video,,,,24-09-2025 07:45:27,24-09-2025 07:45:27,0.000s,PASSED
,,,,,,,
Test Cases/2000_tresult/Return Passed,,,,24-09-2025 07:45:27,24-09-2025 07:45:29,2.011s,PASSED
"markPassed(""Passed"")",,,,24-09-2025 07:45:27,24-09-2025 07:45:27,0.000s,PASSED
Video,,,,24-09-2025 07:45:29,24-09-2025 07:45:29,0.000s,PASSED
,,,,,,,
Test Cases/2000_tresult/Return Passed,,,,24-09-2025 07:45:29,24-09-2025 07:45:31,2.008s,PASSED
"markPassed(""Passed"")",,,,24-09-2025 07:45:29,24-09-2025 07:45:29,0.001s,PASSED
Video,,,,24-09-2025 07:45:31,24-09-2025 07:45:31,0.001s,PASSED
,,,,,,,
Test Cases/2000_tresult/Return Passed,,,,24-09-2025 07:45:31,24-09-2025 07:45:33,2.009s,PASSED
"markPassed(""Passed"")",,,,24-09-2025 07:45:31,24-09-2025 07:45:31,0.001s,PASSED
Video,,,,24-09-2025 07:45:33,24-09-2025 07:45:33,0.001s,PASSED
,,,,,,,
Test Cases/2000_tresult/Return Passed,,,,24-09-2025 07:45:33,24-09-2025 07:45:35,2.008s,PASSED
"markPassed(""Passed"")",,,,24-09-2025 07:45:33,24-09-2025 07:45:33,0.001s,PASSED
Video,,,,24-09-2025 07:45:35,24-09-2025 07:45:35,0.001s,PASSED
,,,,,,,
Test Cases/2000_tresult/Return Passed,,,,24-09-2025 07:45:35,24-09-2025 07:45:37,2.008s,PASSED
"markPassed(""Passed"")",,,,24-09-2025 07:45:35,24-09-2025 07:45:35,0.000s,PASSED
Video,,,,24-09-2025 07:45:37,24-09-2025 07:45:37,0.000s,PASSED
,,,,,,,
Test Cases/2000_tresult/Return Passed,,,,24-09-2025 07:45:37,24-09-2025 07:45:39,2.008s,PASSED
"markPassed(""Passed"")",,,,24-09-2025 07:45:37,24-09-2025 07:45:37,0.001s,PASSED
Video,,,,24-09-2025 07:45:39,24-09-2025 07:45:39,0.001s,PASSED
,,,,,,,
Test Cases/2000_tresult/Return Passed,,,,24-09-2025 07:45:39,24-09-2025 07:45:41,2.009s,PASSED
"markPassed(""Passed"")",,,,24-09-2025 07:45:39,24-09-2025 07:45:39,0.001s,PASSED
Video,,,,24-09-2025 07:45:41,24-09-2025 07:45:41,0.001s,PASSED
,,,,,,,
Test Cases/2000_tresult/Return Passed,,,,24-09-2025 07:45:41,24-09-2025 07:45:43,2.008s,PASSED
"markPassed(""Passed"")",,,,24-09-2025 07:45:41,24-09-2025 07:45:41,0.001s,PASSED
Video,,,,24-09-2025 07:45:43,24-09-2025 07:45:43,0.000s,PASSED
,,,,,,,
Test Cases/2000_tresult/Return Passed,,,,24-09-2025 07:45:43,24-09-2025 07:45:45,2.008s,PASSED
"markPassed(""Passed"")",,,,24-09-2025 07:45:43,24-09-2025 07:45:43,0.000s,PASSED
Video,,,,24-09-2025 07:45:45,24-09-2025 07:45:45,0.001s,PASSED
,,,,,,,
Test Cases/2000_tresult/Return Passed,,,,24-09-2025 07:45:45,24-09-2025 07:45:47,2.020s,PASSED
"markPassed(""Passed"")",,,,24-09-2025 07:45:45,24-09-2025 07:45:45,0.000s,PASSED
Video,,,,24-09-2025 07:45:47,24-09-2025 07:45:47,0.001s,PASSED
,,,,,,,
Test Cases/2000_tresult/Return Passed,,,,24-09-2025 07:45:47,24-09-2025 07:45:49,2.008s,PASSED
"markPassed(""Passed"")",,,,24-09-2025 07:45:47,24-09-2025 07:45:47,0.000s,PASSED
Video,,,,24-09-2025 07:45:49,24-09-2025 07:45:49,0.001s,PASSED
,,,,,,,
Test Cases/2000_tresult/Return Passed,,,,24-09-2025 07:45:49,24-09-2025 07:45:51,2.010s,PASSED
"markPassed(""Passed"")",,,,24-09-2025 07:45:49,24-09-2025 07:45:49,0.000s,PASSED
Video,,,,24-09-2025 07:45:51,24-09-2025 07:45:51,0.000s,PASSED
,,,,,,,
Test Cases/2000_tresult/Return Passed,,,,24-09-2025 07:45:51,24-09-2025 07:45:53,2.008s,PASSED
"markPassed(""Passed"")",,,,24-09-2025 07:45:51,24-09-2025 07:45:51,0.001s,PASSED
Video,,,,24-09-2025 07:45:53,24-09-2025 07:45:53,0.001s,PASSED
,,,,,,,
Test Cases/2000_tresult/Return Passed,,,,24-09-2025 07:45:53,24-09-2025 07:45:55,2.008s,PASSED
"markPassed(""Passed"")",,,,24-09-2025 07:45:53,24-09-2025 07:45:53,0.000s,PASSED
Video,,,,24-09-2025 07:45:55,24-09-2025 07:45:55,0.001s,PASSED
,,,,,,,
Test Cases/2000_tresult/Return Passed,,,,24-09-2025 07:45:55,24-09-2025 07:45:57,2.008s,PASSED
"markPassed(""Passed"")",,,,24-09-2025 07:45:55,24-09-2025 07:45:55,0.000s,PASSED
Video,,,,24-09-2025 07:45:57,24-09-2025 07:45:57,0.001s,PASSED
,,,,,,,
Test Cases/2000_tresult/Return Passed,,,,24-09-2025 07:45:57,24-09-2025 07:45:59,2.010s,PASSED
"markPassed(""Passed"")",,,,24-09-2025 07:45:57,24-09-2025 07:45:57,0.001s,PASSED
Video,,,,24-09-2025 07:45:59,24-09-2025 07:45:59,0.001s,PASSED
,,,,,,,
Test Cases/2000_tresult/Return Passed,,,,24-09-2025 07:45:59,24-09-2025 07:46:02,2.009s,PASSED
"markPassed(""Passed"")",,,,24-09-2025 07:45:59,24-09-2025 07:45:59,0.000s,PASSED
Video,,,,24-09-2025 07:46:02,24-09-2025 07:46:02,0.000s,PASSED
,,,,,,,
Test Cases/2000_tresult/Return Passed,,,,24-09-2025 07:46:02,24-09-2025 07:46:04,2.009s,PASSED
"markPassed(""Passed"")",,,,24-09-2025 07:46:02,24-09-2025 07:46:02,0.001s,PASSED
Video,,,,24-09-2025 07:46:04,24-09-2025 07:46:04,0.001s,PASSED
,,,,,,,
Test Cases/2000_tresult/Return Passed,,,,24-09-2025 07:46:04,24-09-2025 07:46:06,2.014s,PASSED
"markPassed(""Passed"")",,,,24-09-2025 07:46:04,24-09-2025 07:46:04,0.002s,PASSED
Video,,,,24-09-2025 07:46:06,24-09-2025 07:46:06,0.000s,PASSED
,,,,,,,
Test Cases/2000_tresult/Return Passed,,,,24-09-2025 07:46:06,24-09-2025 07:46:08,2.009s,PASSED
"markPassed(""Passed"")",,,,24-09-2025 07:46:06,24-09-2025 07:46:06,0.001s,PASSED
Video,,,,24-09-2025 07:46:08,24-09-2025 07:46:08,0.000s,PASSED
,,,,,,,
Test Cases/2000_tresult/Return Passed,,,,24-09-2025 07:46:08,24-09-2025 07:46:10,2.010s,PASSED
"markPassed(""Passed"")",,,,24-09-2025 07:46:08,24-09-2025 07:46:08,0.000s,PASSED
Video,,,,24-09-2025 07:46:10,24-09-2025 07:46:10,0.001s,PASSED
,,,,,,,
Test Cases/2000_tresult/Return Passed,,,,24-09-2025 07:46:10,24-09-2025 07:46:12,2.010s,PASSED
"markPassed(""Passed"")",,,,24-09-2025 07:46:10,24-09-2025 07:46:10,0.001s,PASSED
Video,,,,24-09-2025 07:46:12,24-09-2025 07:46:12,0.000s,PASSED
,,,,,,,
Test Cases/2000_tresult/Return Passed,,,,24-09-2025 07:46:12,24-09-2025 07:46:14,2.008s,PASSED
"markPassed(""Passed"")",,,,24-09-2025 07:46:12,24-09-2025 07:46:12,0.000s,PASSED
Video,,,,24-09-2025 07:46:14,24-09-2025 07:46:14,0.000s,PASSED
,,,,,,,
Test Cases/2000_tresult/Return Passed,,,,24-09-2025 07:46:14,24-09-2025 07:46:16,2.007s,PASSED
"markPassed(""Passed"")",,,,24-09-2025 07:46:14,24-09-2025 07:46:14,0.000s,PASSED
Video,,,,24-09-2025 07:46:16,24-09-2025 07:46:16,0.000s,PASSED
,,,,,,,
Test Cases/2000_tresult/Return Passed,,,,24-09-2025 07:46:16,24-09-2025 07:46:18,2.010s,PASSED
"markPassed(""Passed"")",,,,24-09-2025 07:46:16,24-09-2025 07:46:16,0.001s,PASSED
Video,,,,24-09-2025 07:46:18,24-09-2025 07:46:18,0.000s,PASSED
,,,,,,,
Test Cases/2000_tresult/Return Passed,,,,24-09-2025 07:46:18,24-09-2025 07:46:20,2.008s,PASSED
"markPassed(""Passed"")",,,,24-09-2025 07:46:18,24-09-2025 07:46:18,0.000s,PASSED
Video,,,,24-09-2025 07:46:20,24-09-2025 07:46:20,0.000s,PASSED
,,,,,,,
Test Cases/2000_tresult/Return Passed,,,,24-09-2025 07:46:20,24-09-2025 07:46:22,2.010s,PASSED
"markPassed(""Passed"")",,,,24-09-2025 07:46:20,24-09-2025 07:46:20,0.000s,PASSED
Video,,,,24-09-2025 07:46:22,24-09-2025 07:46:22,0.000s,PASSED
,,,,,,,
Test Cases/2000_tresult/Return Passed,,,,24-09-2025 07:46:22,24-09-2025 07:46:24,2.008s,PASSED
"markPassed(""Passed"")",,,,24-09-2025 07:46:22,24-09-2025 07:46:22,0.001s,PASSED
Video,,,,24-09-2025 07:46:24,24-09-2025 07:46:24,0.000s,PASSED
,,,,,,,
Test Cases/2000_tresult/Return Passed,,,,24-09-2025 07:46:24,24-09-2025 07:46:26,2.007s,PASSED
"markPassed(""Passed"")",,,,24-09-2025 07:46:24,24-09-2025 07:46:24,0.001s,PASSED
Video,,,,24-09-2025 07:46:26,24-09-2025 07:46:26,0.000s,PASSED
,,,,,,,
Test Cases/2000_tresult/Return Passed,,,,24-09-2025 07:46:26,24-09-2025 07:46:28,2.007s,PASSED
"markPassed(""Passed"")",,,,24-09-2025 07:46:26,24-09-2025 07:46:26,0.001s,PASSED
Video,,,,24-09-2025 07:46:28,24-09-2025 07:46:28,0.000s,PASSED
,,,,,,,
Test Cases/2000_tresult/Return Passed,,,,24-09-2025 07:46:28,24-09-2025 07:46:30,2.008s,PASSED
"markPassed(""Passed"")",,,,24-09-2025 07:46:28,24-09-2025 07:46:28,0.000s,PASSED
Video,,,,24-09-2025 07:46:30,24-09-2025 07:46:30,0.001s,PASSED
,,,,,,,
Test Cases/2000_tresult/Return Passed,,,,24-09-2025 07:46:30,24-09-2025 07:46:32,2.007s,PASSED
"markPassed(""Passed"")",,,,24-09-2025 07:46:30,24-09-2025 07:46:30,0.000s,PASSED
Video,,,,24-09-2025 07:46:32,24-09-2025 07:46:32,0.000s,PASSED
,,,,,,,
Test Cases/2000_tresult/Return Passed,,,,24-09-2025 07:46:32,24-09-2025 07:46:34,2.008s,PASSED
"markPassed(""Passed"")",,,,24-09-2025 07:46:32,24-09-2025 07:46:32,0.000s,PASSED
Video,,,,24-09-2025 07:46:34,24-09-2025 07:46:34,0.000s,PASSED
,,,,,,,
Test Cases/2000_tresult/Return Passed,,,,24-09-2025 07:46:34,24-09-2025 07:46:36,2.009s,PASSED
"markPassed(""Passed"")",,,,24-09-2025 07:46:34,24-09-2025 07:46:34,0.001s,PASSED
Video,,,,24-09-2025 07:46:36,24-09-2025 07:46:36,0.000s,PASSED
,,,,,,,
Test Cases/2000_tresult/Return Passed,,,,24-09-2025 07:46:36,24-09-2025 07:46:38,2.009s,PASSED
"markPassed(""Passed"")",,,,24-09-2025 07:46:36,24-09-2025 07:46:36,0.000s,PASSED
Video,,,,24-09-2025 07:46:38,24-09-2025 07:46:38,0.000s,PASSED
,,,,,,,
Test Cases/2000_tresult/Return Passed,,,,24-09-2025 07:46:38,24-09-2025 07:46:40,2.014s,PASSED
"markPassed(""Passed"")",,,,24-09-2025 07:46:38,24-09-2025 07:46:38,0.001s,PASSED
Video,,,,24-09-2025 07:46:40,24-09-2025 07:46:40,0.000s,PASSED
,,,,,,,
Test Cases/2000_tresult/Return Passed,,,,24-09-2025 07:46:40,24-09-2025 07:46:42,2.012s,PASSED
"markPassed(""Passed"")",,,,24-09-2025 07:46:40,24-09-2025 07:46:40,0.000s,PASSED
Video,,,,24-09-2025 07:46:42,24-09-2025 07:46:42,0.000s,PASSED
,,,,,,,
Test Cases/2000_tresult/Return Passed,,,,24-09-2025 07:46:42,24-09-2025 07:46:44,2.008s,PASSED
"markPassed(""Passed"")",,,,24-09-2025 07:46:42,24-09-2025 07:46:42,0.000s,PASSED
Video,,,,24-09-2025 07:46:44,24-09-2025 07:46:44,0.000s,PASSED
,,,,,,,
Test Cases/2000_tresult/Return Passed,,,,24-09-2025 07:46:44,24-09-2025 07:46:46,2.009s,PASSED
"markPassed(""Passed"")",,,,24-09-2025 07:46:44,24-09-2025 07:46:44,0.000s,PASSED
Video,,,,24-09-2025 07:46:46,24-09-2025 07:46:46,0.001s,PASSED
,,,,,,,
Test Cases/2000_tresult/Return Passed,,,,24-09-2025 07:46:46,24-09-2025 07:46:48,2.007s,PASSED
"markPassed(""Passed"")",,,,24-09-2025 07:46:46,24-09-2025 07:46:46,0.001s,PASSED
Video,,,,24-09-2025 07:46:48,24-09-2025 07:46:48,0.001s,PASSED
,,,,,,,
Test Cases/2000_tresult/Return Passed,,,,24-09-2025 07:46:48,24-09-2025 07:46:50,2.008s,PASSED
"markPassed(""Passed"")",,,,24-09-2025 07:46:48,24-09-2025 07:46:48,0.000s,PASSED
Video,,,,24-09-2025 07:46:50,24-09-2025 07:46:50,0.000s,PASSED
,,,,,,,
Test Cases/2000_tresult/Return Passed,,,,24-09-2025 07:46:50,24-09-2025 07:46:52,2.008s,PASSED
"markPassed(""Passed"")",,,,24-09-2025 07:46:50,24-09-2025 07:46:50,0.000s,PASSED
Video,,,,24-09-2025 07:46:52,24-09-2025 07:46:52,0.000s,PASSED
,,,,,,,
Test Cases/2000_tresult/Return Passed,,,,24-09-2025 07:46:52,24-09-2025 07:46:54,2.008s,PASSED
"markPassed(""Passed"")",,,,24-09-2025 07:46:52,24-09-2025 07:46:52,0.000s,PASSED
Video,,,,24-09-2025 07:46:54,24-09-2025 07:46:54,0.000s,PASSED
,,,,,,,
Test Cases/2000_tresult/Return Passed,,,,24-09-2025 07:46:54,24-09-2025 07:46:56,2.008s,PASSED
"markPassed(""Passed"")",,,,24-09-2025 07:46:54,24-09-2025 07:46:54,0.000s,PASSED
Video,,,,24-09-2025 07:46:56,24-09-2025 07:46:56,0.000s,PASSED
,,,,,,,
Test Cases/2000_tresult/Return Passed,,,,24-09-2025 07:46:56,24-09-2025 07:46:58,2.008s,PASSED
"markPassed(""Passed"")",,,,24-09-2025 07:46:56,24-09-2025 07:46:56,0.000s,PASSED
Video,,,,24-09-2025 07:46:58,24-09-2025 07:46:58,0.001s,PASSED
,,,,,,,
Test Cases/2000_tresult/Return Passed,,,,24-09-2025 07:46:58,24-09-2025 07:47:00,2.008s,PASSED
"markPassed(""Passed"")",,,,24-09-2025 07:46:58,24-09-2025 07:46:58,0.000s,PASSED
Video,,,,24-09-2025 07:47:00,24-09-2025 07:47:00,0.000s,PASSED
,,,,,,,
Test Cases/2000_tresult/Return Passed,,,,24-09-2025 07:47:00,24-09-2025 07:47:02,2.008s,PASSED
"markPassed(""Passed"")",,,,24-09-2025 07:47:00,24-09-2025 07:47:00,0.000s,PASSED
Video,,,,24-09-2025 07:47:02,24-09-2025 07:47:02,0.000s,PASSED
,,,,,,,
Test Cases/2000_tresult/Return Passed,,,,24-09-2025 07:47:02,24-09-2025 07:47:04,2.008s,PASSED
"markPassed(""Passed"")",,,,24-09-2025 07:47:02,24-09-2025 07:47:02,0.000s,PASSED
Video,,,,24-09-2025 07:47:04,24-09-2025 07:47:04,0.000s,PASSED
,,,,,,,
Test Cases/2000_tresult/Return Passed,,,,24-09-2025 07:47:04,24-09-2025 07:47:06,2.007s,PASSED
"markPassed(""Passed"")",,,,24-09-2025 07:47:04,24-09-2025 07:47:04,0.000s,PASSED
Video,,,,24-09-2025 07:47:06,24-09-2025 07:47:06,0.000s,PASSED
,,,,,,,
Test Cases/2000_tresult/Return Passed,,,,24-09-2025 07:47:06,24-09-2025 07:47:08,2.008s,PASSED
"markPassed(""Passed"")",,,,24-09-2025 07:47:06,24-09-2025 07:47:06,0.001s,PASSED
Video,,,,24-09-2025 07:47:08,24-09-2025 07:47:08,0.000s,PASSED
,,,,,,,
Test Cases/2000_tresult/Return Passed,,,,24-09-2025 07:47:08,24-09-2025 07:47:10,2.008s,PASSED
"markPassed(""Passed"")",,,,24-09-2025 07:47:08,24-09-2025 07:47:08,0.001s,PASSED
Video,,,,24-09-2025 07:47:10,24-09-2025 07:47:10,0.001s,PASSED
